Workbook

Sheet Questions Detail
A1: Topic | B1: Question | C1: Harris Base | D1: Trump Base | E1: Net (H-T) | F1: Challenge Target | G1: Fumble Effect | H1: Recover Effect | I1: Harris Min | J1: Harris Max | K1: Trump Min | L1: Trump Max
A2: Economy | B2: Q1: Are Americans better off? | C2: 5 | D2: 7 | E2: =C2-D2 -> -2 | F2: None | G2: 0 | H2: 0 | I2: =IF(F2="Harris",C2+G2,C2) -> 5 | J2: =IF(F2="Harris",C2+H2,C2) -> 5 | K2: =IF(F2="Trump",D2+G2,D2) -> 7 | L2: =IF(F2="Trump",D2+H2,D2) -> 7
A3: Economy | B3: Q2: Who's to blame for inflation? | C3: 4 | D3: 8 | E3: =C3-D3 -> -4 | F3: Harris | G3: -2 | H3: 2 | I3: =IF(F3="Harris",C3+G3,C3) -> 2 | J3: =IF(F3="Harris",C3+H3,C3) -> 6 | K3: =IF(F3="Trump",D3+G3,D3) -> 8 | L3: =IF(F3="Trump",D3+H3,D3) -> 8
A4: Economy | B4: Q3: What are your economic plans? | C4: 7 | D4: 5 | E4: =C4-D4 -> 2 | F4: Trump | G4: -2 | H4: 2 | I4: =IF(F4="Harris",C4+G4,C4) -> 7 | J4: =IF(F4="Harris",C4+H4,C4) -> 7 | K4: =IF(F4="Trump",D4+G4,D4) -> 3 | L4: =IF(F4="Trump",D4+H4,D4) -> 7
A5: Tariffs | B5: Q1: Will tariffs raise prices? | C5: 6 | D5: 5 | E5: =C5-D5 -> 1 | F5: Trump | G5: -2 | H5: 2 | I5: =IF(F5="Harris",C5+G5,C5) -> 6 | J5: =IF(F5="Harris",C5+H5,C5) -> 6 | K5: =IF(F5="Trump",D5+G5,D5) -> 3 | L5: =IF(F5="Trump",D5+H5,D5) -> 7
A6: Tariffs | B6: Q2: How will you handle China? | C6: 4 | D6: 8 | E6: =C6-D6 -> -4 | F6: Harris | G6: -2 | H6: 2 | I6: =IF(F6="Harris",C6+G6,C6) -> 2 | J6: =IF(F6="Harris",C6+H6,C6) -> 6 | K6: =IF(F6="Trump",D6+G6,D6) -> 8 | L6: =IF(F6="Trump",D6+H6,D6) -> 8
A7: Tariffs | B7: Q3: What about trade deficit? | C7: 5 | D7: 7 | E7: =C7-D7 -> -2 | F7: None | G7: 0 | H7: 0 | I7: =IF(F7="Harris",C7+G7,C7) -> 5 | J7: =IF(F7="Harris",C7+H7,C7) -> 5 | K7: =IF(F7="Trump",D7+G7,D7) -> 7 | L7: =IF(F7="Trump",D7+H7,D7) -> 7
A8: Abortion | B8: Q1: Why should women trust you? | C8: 9 | D8: 3 | E8: =C8-D8 -> 6 | F8: Trump | G8: -2 | H8: 2 | I8: =IF(F8="Harris",C8+G8,C8) -> 9 | J8: =IF(F8="Harris",C8+H8,C8) -> 9 | K8: =IF(F8="Trump",D8+G8,D8) -> 1 | L8: =IF(F8="Trump",D8+H8,D8) -> 5
A9: Abortion | B9: Q2: Would you support restrictions? | C9: 6 | D9: 6 | E9: =C9-D9 -> 0 | F9: Harris | G9: -2 | H9: 2 | I9: =IF(F9="Harris",C9+G9,C9) -> 4 | J9: =IF(F9="Harris",C9+H9,C9) -> 8 | K9: =IF(F9="Trump",D9+G9,D9) -> 6 | L9: =IF(F9="Trump",D9+H9,D9) -> 6
A10: Abortion | B10: Q3: Would you veto national ban? | C10: 9 | D10: 2 | E10: =C10-D10 -> 7 | F10: Trump | G10: -2 | H10: 2 | I10: =IF(F10="Harris",C10+G10,C10) -> 9 | J10: =IF(F10="Harris",C10+H10,C10) -> 9 | K10: =IF(F10="Trump",D10+G10,D10) -> 0 | L10: =IF(F10="Trump",D10+H10,D10) -> 4
A11: Immigration | B11: Q1: Why wait to act on border? | C11: 4 | D11: 8 | E11: =C11-D11 -> -4 | F11: Harris | G11: -2 | H11: 2 | I11: =IF(F11="Harris",C11+G11,C11) -> 2 | J11: =IF(F11="Harris",C11+H11,C11) -> 6 | K11: =IF(F11="Trump",D11+G11,D11) -> 8 | L11: =IF(F11="Trump",D11+H11,D11) -> 8
A12: Immigration | B12: Q2: Why kill the border bill? | C12: 7 | D12: 5 | E12: =C12-D12 -> 2 | F12: Trump | G12: -2 | H12: 2 | I12: =IF(F12="Harris",C12+G12,C12) -> 7 | J12: =IF(F12="Harris",C12+H12,C12) -> 7 | K12: =IF(F12="Trump",D12+G12,D12) -> 3 | L12: =IF(F12="Trump",D12+H12,D12) -> 7
A13: Immigration | B13: Q3: How would you deport millions? | C13: 4 | D13: 8 | E13: =C13-D13 -> -4 | F13: Trump | G13: -2 | H13: 2 | I13: =IF(F13="Harris",C13+G13,C13) -> 4 | J13: =IF(F13="Harris",C13+H13,C13) -> 4 | K13: =IF(F13="Trump",D13+G13,D13) -> 6 | L13: =IF(F13="Trump",D13+H13,D13) -> 10
... A25: Race | B25: Q3: What's your record on race? | C25: 6 | D25: 6 | E25: =C25-D25 -> 0 | F25: Trump | G25: -2 | H25: 2 | I25: =IF(F25="Harris",C25+G25,C25) -> 6 | J25: =IF(F25="Harris",C25+H25,C25) -> 6 | K25: =IF(F25="Trump",D25+G25,D25) -> 4 | L25: =IF(F25="Trump",D25+H25,D25) -> 8

Sheet Section Summary
A1: Section | B1: Total Questions | C1: Harris Total (Base) | D1: Trump Total (Base) | E1: Net (H - T) | F1: Harris Min | G1: Harris Max | H1: Trump Min | I1: Trump Max | J1: Best Case Harris Net | K1: Best Case Trump Net | L1: Winner of the section
A2: Economy | B2: 3 | C2: =SUM('Questions Detail'!C2:C4) -> 16 | D2: =SUM('Questions Detail'!D2:D4) -> 20 | E2: =C2-D2 -> -4 | F2: =SUM('Questions Detail'!I2:I4) -> 14 | G2: =SUM('Questions Detail'!J2:J4) -> 18 | H2: =SUM('Questions Detail'!K2:K4) -> 18 | I2: =SUM('Questions Detail'!L2:L4) -> 22 | J2: =G2-H2 -> 0 | K2: =I2-F2 -> 8 | L2: Trump
A3: Tariffs | B3: 3 | C3: =SUM('Questions Detail'!C5:C7) -> 15 | D3: =SUM('Questions Detail'!D5:D7) -> 20 | E3: =C3-D3 -> -5 | F3: =SUM('Questions Detail'!I5:I7) -> 13 | G3: =SUM('Questions Detail'!J5:J7) -> 17 | H3: =SUM('Questions Detail'!K5:K7) -> 18 | I3: =SUM('Questions Detail'!L5:L7) -> 22 | J3: =G3-H3 -> -1 | K3: =I3-F3 -> 9 | L3: Trump
A4: Abortion | B4: 3 | C4: =SUM('Questions Detail'!C8:C10) -> 24 | D4: =SUM('Questions Detail'!D8:D10) -> 11 | E4: =C4-D4 -> 13 | F4: =SUM('Questions Detail'!I8:I10) -> 22 | G4: =SUM('Questions Detail'!J8:J10) -> 26 | H4: =SUM('Questions Detail'!K8:K10) -> 7 | I4: =SUM('Questions Detail'!L8:L10) -> 15 | J4: =G4-H4 -> 19 | K4: =I4-F4 -> -7 | L4: Harris
A5: Immigration | B5: 3 | C5: =SUM('Questions Detail'!C11:C13) -> 15 | D5: =SUM('Questions Detail'!D11:D13) -> 21 | E5: =C5-D5 -> -6 | F5: =SUM('Questions Detail'!I11:I13) -> 13 | G5: =SUM('Questions Detail'!J11:J13) -> 17 | H5: =SUM('Questions Detail'!K11:K13) -> 17 | I5: =SUM('Questions Detail'!L11:L13) -> 25 | J5: =G5-H5 -> 0 | K5: =I5-F5 -> 12 | L5: Trump
A6: January 6th | B6: 3 | C6: =SUM('Questions Detail'!C14:C16) -> 22 | D6: =SUM('Questions Detail'!D14:D16) -> 13 | E6: =C6-D6 -> 9 | F6: =SUM('Questions Detail'!I14:I16) -> 22 | G6: =SUM('Questions Detail'!J14:J16) -> 22 | H6: =SUM('Questions Detail'!K14:K16) -> 9 | I6: =SUM('Questions Detail'!L14:L16) -> 17 | J6: =G6-H6 -> 13 | K6: =I6-F6 -> -5 | L6: Harris
A7: Israel | B7: 3 | C7: =SUM('Questions Detail'!C17:C19) -> 15 | D7: =SUM('Questions Detail'!D17:D19) -> 21 | E7: =C7-D7 -> -6 | F7: =SUM('Questions Detail'!I17:I19) -> 13 | G7: =SUM('Questions Detail'!J17:J19) -> 17 | H7: =SUM('Questions Detail'!K17:K19) -> 19 | I7: =SUM('Questions Detail'!L17:L19) -> 23 | J7: =G7-H7 -> -2 | K7: =I7-F7 -> 10 | L7: Trump
A8: Ukraine | B8: 3 | C8: =SUM('Questions Detail'!C20:C22) -> 19 | D8: =SUM('Questions Detail'!D20:D22) -> 17 | E8: =C8-D8 -> 2 | F8: =SUM('Questions Detail'!I20:I22) -> 19 | G8: =SUM('Questions Detail'!J20:J22) -> 19 | H8: =SUM('Questions Detail'!K20:K22) -> 13 | I8: =SUM('Questions Detail'!L20:L22) -> 21 | J8: =G8-H8 -> 6 | K8: =I8-F8 -> 2 | L8: Harris
A9: Race | B9: 3 | C9: =SUM('Questions Detail'!C23:C25) -> 23 | D9: =SUM('Questions Detail'!D23:D25) -> 11 | E9: =C9-D9 -> 12 | F9: =SUM('Questions Detail'!I23:I25) -> 23 | G9: =SUM('Questions Detail'!J23:J25) -> 23 | H9: =SUM('Questions Detail'!K23:K25) -> 7 | I9: =SUM('Questions Detail'!L23:L25) -> 15 | J9: =G9-H9 -> 16 | K9: =I9-F9 -> -8 | L9: Harris
A10: TOTAL (All Sections) | B10: =SUM(B2:B9) -> 24 | C10: =SUM(C2:C9) -> 149 | D10: =SUM(D2:D9) -> 134 | E10: =SUM(E2:E9) -> 15 | F10: =SUM(F2:F9) -> 139 | G10: =SUM(G2:G9) -> 159 | H10: =SUM(H2:H9) -> 108 | I10: =SUM(I2:I9) -> 160 | ... K10: =SUM(K2:K9) -> 21
L12: Calculated all three questions

Sheet Challenge Outcomes
A1: Section | B1: Question | C1: Target | D1: No Challenge | E1: Fumble (50%) | F1: Recover (50%) | G1: Expected Value
A2: ='Questions Detail'!A3 -> Economy | B2: ='Questions Detail'!B3 -> Q2: Who's to blame for inflation? | C2: ='Questions Detail'!F3 -> Harris | D2: ='Questions Detail'!E3 -> -4 | E2: =IF('Questions Detail'!F3="Harris",'Questions Detail'!I3-'Questions Detail'!D3,'Questions Detail'!C3-'Questions Detail'!K3) -> -6 | F2: =IF('Questions Detail'!F3="Harris",'Questions Detail'!J3-'Questions Detail'!D3,'Questions Detail'!C3-'Questions Detail'!L3) -> -2 | G2: =(E2+F2)/2 -> -4
A3: ='Questions Detail'!A4 -> Economy | B3: ='Questions Detail'!B4 -> Q3: What are your economic plans? | C3: ='Questions Detail'!F4 -> Trump | D3: ='Questions Detail'!E4 -> 2 | E3: =IF('Questions Detail'!F4="Harris",'Questions Detail'!I4-'Questions Detail'!D4,'Questions Detail'!C4-'Questions Detail'!K4) -> 4 | F3: =IF('Questions Detail'!F4="Harris",'Questions Detail'!J4-'Questions Detail'!D4,'Questions Detail'!C4-'Questions Detail'!L4) -> 0 | G3: =(E3+F3)/2 -> 2
A4: ='Questions Detail'!A5 -> Tariffs | B4: ='Questions Detail'!B5 -> Q1: Will tariffs raise prices? | C4: ='Questions Detail'!F5 -> Trump | D4: ='Questions Detail'!E5 -> 1 | E4: =IF('Questions Detail'!F5="Harris",'Questions Detail'!I5-'Questions Detail'!D5,'Questions Detail'!C5-'Questions Detail'!K5) -> 3 | F4: =IF('Questions Detail'!F5="Harris",'Questions Detail'!J5-'Questions Detail'!D5,'Questions Detail'!C5-'Questions Detail'!L5) -> -1 | G4: =(E4+F4)/2 -> 1
A5: ='Questions Detail'!A6 -> Tariffs | B5: ='Questions Detail'!B6 -> Q2: How will you handle China? | C5: ='Questions Detail'!F6 -> Harris | D5: ='Questions Detail'!E6 -> -4 | E5: =IF('Questions Detail'!F6="Harris",'Questions Detail'!I6-'Questions Detail'!D6,'Questions Detail'!C6-'Questions Detail'!K6) -> -6 | F5: =IF('Questions Detail'!F6="Harris",'Questions Detail'!J6-'Questions Detail'!D6,'Questions Detail'!C6-'Questions Detail'!L6) -> -2 | G5: =(E5+F5)/2 -> -4
A6: ='Questions Detail'!A8 -> Abortion | B6: ='Questions Detail'!B8 -> Q1: Why should women trust you? | C6: ='Questions Detail'!F8 -> Trump | D6: ='Questions Detail'!E8 -> 6 | E6: =IF('Questions Detail'!F8="Harris",'Questions Detail'!I8-'Questions Detail'!D8,'Questions Detail'!C8-'Questions Detail'!K8) -> 8 | F6: =IF('Questions Detail'!F8="Harris",'Questions Detail'!J8-'Questions Detail'!D8,'Questions Detail'!C8-'Questions Detail'!L8) -> 4 | G6: =(E6+F6)/2 -> 6
A7: ='Questions Detail'!A9 -> Abortion | B7: ='Questions Detail'!B9 -> Q2: Would you support restrictions? | C7: ='Questions Detail'!F9 -> Harris | D7: ='Questions Detail'!E9 -> 0 | E7: =IF('Questions Detail'!F9="Harris",'Questions Detail'!I9-'Questions Detail'!D9,'Questions Detail'!C9-'Questions Detail'!K9) -> -2 | F7: =IF('Questions Detail'!F9="Harris",'Questions Detail'!J9-'Questions Detail'!D9,'Questions Detail'!C9-'Questions Detail'!L9) -> 2 | G7: =(E7+F7)/2 -> 0
A8: ='Questions Detail'!A10 -> Abortion | B8: ='Questions Detail'!B10 -> Q3: Would you veto national ban? | C8: ='Questions Detail'!F10 -> Trump | D8: ='Questions Detail'!E10 -> 7 | E8: =IF('Questions Detail'!F10="Harris",'Questions Detail'!I10-'Questions Detail'!D10,'Questions Detail'!C10-'Questions Detail'!K10) -> 9 | F8: =IF('Questions Detail'!F10="Harris",'Questions Detail'!J10-'Questions Detail'!D10,'Questions Detail'!C10-'Questions Detail'!L10) -> 5 | G8: =(E8+F8)/2 -> 7
A9: ='Questions Detail'!A11 -> Immigration | B9: ='Questions Detail'!B11 -> Q1: Why wait to act on border? | C9: ='Questions Detail'!F11 -> Harris | D9: ='Questions Detail'!E11 -> -4 | E9: =IF('Questions Detail'!F11="Harris",'Questions Detail'!I11-'Questions Detail'!D11,'Questions Detail'!C11-'Questions Detail'!K11) -> -6 | F9: =IF('Questions Detail'!F11="Harris",'Questions Detail'!J11-'Questions Detail'!D11,'Questions Detail'!C11-'Questions Detail'!L11) -> -2 | G9: =(E9+F9)/2 -> -4
A10: ='Questions Detail'!A12 -> Immigration | B10: ='Questions Detail'!B12 -> Q2: Why kill the border bill? | C10: ='Questions Detail'!F12 -> Trump | D10: ='Questions Detail'!E12 -> 2 | E10: =IF('Questions Detail'!F12="Harris",'Questions Detail'!I12-'Questions Detail'!D12,'Questions Detail'!C12-'Questions Detail'!K12) -> 4 | F10: =IF('Questions Detail'!F12="Harris",'Questions Detail'!J12-'Questions Detail'!D12,'Questions Detail'!C12-'Questions Detail'!L12) -> 0 | G10: =(E10+F10)/2 -> 2
A11: ='Questions Detail'!A13 -> Immigration | B11: ='Questions Detail'!B13 -> Q3: How would you deport millions? | C11: ='Questions Detail'!F13 -> Trump | D11: ='Questions Detail'!E13 -> -4 | E11: =IF('Questions Detail'!F13="Harris",'Questions Detail'!I13-'Questions Detail'!D13,'Questions Detail'!C13-'Questions Detail'!K13) -> -2 | F11: =IF('Questions Detail'!F13="Harris",'Questions Detail'!J13-'Questions Detail'!D13,'Questions Detail'!C13-'Questions Detail'!L13) -> -6 | G11: =(E11+F11)/2 -> -4
A12: ='Questions Detail'!A14 -> January 6th | B12: ='Questions Detail'!B14 -> Q1: Any regrets about Jan 6th? | C12: ='Questions Detail'!F14 -> Trump | D12: ='Questions Detail'!E14 -> 4 | E12: =IF('Questions Detail'!F14="Harris",'Questions Detail'!I14-'Questions Detail'!D14,'Questions Detail'!C14-'Questions Detail'!K14) -> 6 | F12: =IF('Questions Detail'!F14="Harris",'Questions Detail'!J14-'Questions Detail'!D14,'Questions Detail'!C14-'Questions Detail'!L14) -> 2 | G12: =(E12+F12)/2 -> 4
A13: ='Questions Detail'!A15 -> January 6th | B13: ='Questions Detail'!B15 -> Q2: Do you accept you lost 2020? | C13: ='Questions Detail'!F15 -> Trump | D13: ='Questions Detail'!E15 -> 5 | E13: =IF('Questions Detail'!F15="Harris",'Questions Detail'!I15-'Questions Detail'!D15,'Questions Detail'!C15-'Questions Detail'!K15) -> 7 | F13: =IF('Questions Detail'!F15="Harris",'Questions Detail'!J15-'Questions Detail'!D15,'Questions Detail'!C15-'Questions Detail'!L15) -> 3 | G13: =(E13+F13)/2 -> 5
A14: ='Questions Detail'!A18 -> Israel | B14: ='Questions Detail'!B18 -> Q2: Do you support Israel? | C14: ='Questions Detail'!F18 -> Harris | D14: ='Questions Detail'!E18 -> -4 | E14: =IF('Questions Detail'!F18="Harris",'Questions Detail'!I18-'Questions Detail'!D18,'Questions Detail'!C18-'Questions Detail'!K18) -> -6 | F14: =IF('Questions Detail'!F18="Harris",'Questions Detail'!J18-'Questions Detail'!D18,'Questions Detail'!C18-'Questions Detail'!L18) -> -2 | G14: =(E14+F14)/2 -> -4
A15: ='Questions Detail'!A19 -> Israel | B15: ='Questions Detail'!B19 -> Q3: Why do dictators support you? | C15: ='Questions Detail'!F19 -> Trump | D15: ='Questions Detail'!E19 -> -2 | E15: =IF('Questions Detail'!F19="Harris",'Questions Detail'!I19-'Questions Detail'!D19,'Questions Detail'!C19-'Questions Detail'!K19) -> 0 | F15: =IF('Questions Detail'!F19="Harris",'Questions Detail'!J19-'Questions Detail'!D19,'Questions Detail'!C19-'Questions Detail'!L19) -> -4 | G15: =(E15+F15)/2 -> -2
A16: ='Questions Detail'!A20 -> Ukraine | B16: ='Questions Detail'!B20 -> Q1: How end it in 24 hours? | C16: ='Questions Detail'!F20 -> Trump | D16: ='Questions Detail'!E20 -> 2 | E16: =IF('Questions Detail'!F20="Harris",'Questions Detail'!I20-'Questions Detail'!D20,'Questions Detail'!C20-'Questions Detail'!K20) -> 4 | F16: =IF('Questions Detail'!F20="Harris",'Questions Detail'!J20-'Questions Detail'!D20,'Questions Detail'!C20-'Questions Detail'!L20) -> 0 | G16: =(E16+F16)/2 -> 2
A17: ='Questions Detail'!A21 -> Ukraine | B17: ='Questions Detail'!B21 -> Q2: Do you want Ukraine to win? | C17: ='Questions Detail'!F21 -> Trump | D17: ='Questions Detail'!E21 -> 2 | E17: =IF('Questions Detail'!F21="Harris",'Questions Detail'!I21-'Questions Detail'!D21,'Questions Detail'!C21-'Questions Detail'!K21) -> 4 | F17: =IF('Questions Detail'!F21="Harris",'Questions Detail'!J21-'Questions Detail'!D21,'Questions Detail'!C21-'Questions Detail'!L21) -> 0 | G17: =(E17+F17)/2 -> 2
A18: ='Questions Detail'!A23 -> Race | B18: ='Questions Detail'!B23 -> Q1: Why question her racial identity? | C18: ='Questions Detail'!F23 -> Trump | D18: ='Questions Detail'!E23 -> 7 | E18: =IF('Questions Detail'!F23="Harris",'Questions Detail'!I23-'Questions Detail'!D23,'Questions Detail'!C23-'Questions Detail'!K23) -> 9 | F18: =IF('Questions Detail'!F23="Harris",'Questions Detail'!J23-'Questions Detail'!D23,'Questions Detail'!C23-'Questions Detail'!L23) -> 5 | G18: =(E18+F18)/2 -> 7
A19: ='Questions Detail'!A25 -> Race | B19: ='Questions Detail'!B25 -> Q3: What's your record on race? | C19: ='Questions Detail'!F25 -> Trump | D19: ='Questions Detail'!E25 -> 0 | E19: =IF('Questions Detail'!F25="Harris",'Questions Detail'!I25-'Questions Detail'!D25,'Questions Detail'!C25-'Questions Detail'!K25) -> 2 | F19: =IF('Questions Detail'!F25="Harris",'Questions Detail'!J25-'Questions Detail'!D25,'Questions Detail'!C25-'Questions Detail'!L25) -> -2 | G19: =(E19+F19)/2 -> 0

Sheet Game Scenarios
A1: Section | B1: Harris (2Q) | C1: Trump (2Q) | D1: Net (H-T) | E1: Favors
A2: ='Section Summary'!A2 -> Economy | B2: =ROUND('Section Summary'!C2*2/3,1) -> 10.7 | C2: =ROUND('Section Summary'!D2*2/3,1) -> 13.3 | D2: =B2-C2 -> -2.6 | E2: =IF(D2>0,"Harris",IF(D2<0,"Trump","Tie")) -> Trump
A3: ='Section Summary'!A3 -> Tariffs | B3: =ROUND('Section Summary'!C3*2/3,1) -> 10 | C3: =ROUND('Section Summary'!D3*2/3,1) -> 13.3 | D3: =B3-C3 -> -3.3 | E3: =IF(D3>0,"Harris",IF(D3<0,"Trump","Tie")) -> Trump
A4: ='Section Summary'!A4 -> Abortion | B4: =ROUND('Section Summary'!C4*2/3,1) -> 16 | C4: =ROUND('Section Summary'!D4*2/3,1) -> 7.3 | D4: =B4-C4 -> 8.7 | E4: =IF(D4>0,"Harris",IF(D4<0,"Trump","Tie")) -> Harris
A5: ='Section Summary'!A5 -> Immigration | B5: =ROUND('Section Summary'!C5*2/3,1) -> 10 | C5: =ROUND('Section Summary'!D5*2/3,1) -> 14 | D5: =B5-C5 -> -4 | E5: =IF(D5>0,"Harris",IF(D5<0,"Trump","Tie")) -> Trump
A6: ='Section Summary'!A6 -> January 6th | B6: =ROUND('Section Summary'!C6*2/3,1) -> 14.7 | C6: =ROUND('Section Summary'!D6*2/3,1) -> 8.7 | D6: =B6-C6 -> 6 | E6: =IF(D6>0,"Harris",IF(D6<0,"Trump","Tie")) -> Harris
A7: ='Section Summary'!A7 -> Israel | B7: =ROUND('Section Summary'!C7*2/3,1) -> 10 | C7: =ROUND('Section Summary'!D7*2/3,1) -> 14 | D7: =B7-C7 -> -4 | E7: =IF(D7>0,"Harris",IF(D7<0,"Trump","Tie")) -> Trump
A8: ='Section Summary'!A8 -> Ukraine | B8: =ROUND('Section Summary'!C8*2/3,1) -> 12.7 | C8: =ROUND('Section Summary'!D8*2/3,1) -> 11.3 | D8: =B8-C8 -> 1.4 | E8: =IF(D8>0,"Harris",IF(D8<0,"Trump","Tie")) -> Harris
A9: ='Section Summary'!A9 -> Race | B9: =ROUND('Section Summary'!C9*2/3,1) -> 15.3 | C9: =ROUND('Section Summary'!D9*2/3,1) -> 7.3 | D9: =B9-C9 -> 8 | E9: =IF(D9>0,"Harris",IF(D9<0,"Trump","Tie")) -> Harris
A11: 5-Section Game Scenarios
A12: Scenario | B12: Harris Total | C12: Trump Total | D12: Net | E12: Winner
A13: Best for Harris | B13: =B4+B9+B6+B8+B2 -> 69.4 | C13: =C4+C9+C6+C8+C2 -> 47.9 | D13: =B13-C13 -> 21.5 | E13: =IF(D13>0,"Harris",IF(D13<0,"Trump","Tie")) -> Harris
A14: Best for Trump | B14: =B5+B7+B3+B2+B8 -> 53.4 | C14: =C5+C7+C3+C2+C8 -> 65.9 | D14: =B14-C14 -> -12.5 | E14: =IF(D14>0,"Harris",IF(D14<0,"Trump","Tie")) -> Trump
A15: Balanced | B15: =B9+B6+B8+B3+B7 -> 62.7 | C15: =C9+C6+C8+C3+C7 -> 54.6 | D15: =B15-C15 -> 8.1 | E15: =IF(D15>0,"Harris",IF(D15<0,"Trump","Tie")) -> Harris
A16: Average (random 5) | B16: =ROUND(SUM(B2:B9)*5/8,1) -> 62.1 | C16: =ROUND(SUM(C2:C9)*5/8,1) -> 55.8 | D16: =B16-C16 -> 6.3 | E16: =IF(D16>0,"Harris",IF(D16<0,"Trump","Tie")) -> Harris
